[{"family":"MaterialIcons","fonts":[{"asset":"fonts/MaterialIcons-Regular.otf"}]},{"family":"packages/iconsax_flutter/FlutterIconsax","fonts":[{"asset":"packages/iconsax_flutter/fonts/FlutterIconsax.ttf"}]},{"family":"packages/syncfusion_flutter_pdfviewer/RobotoMono","fonts":[{"asset":"packages/syncfusion_flutter_pdfviewer/assets/fonts/RobotoMono-Regular.ttf"}]},{"family":"packages/material_design_icons_flutter/Material Design Icons","fonts":[{"asset":"packages/material_design_icons_flutter/lib/fonts/materialdesignicons-webfont.ttf"}]},{"family":"packages/cupertino_icons/CupertinoIcons","fonts":[{"asset":"packages/cupertino_icons/assets/CupertinoIcons.ttf"}]}]